query,movie_title,relevance
A story of survival in extreme cold weather and snow,American Experience: The Battle of Chosin,3
A story of survival in extreme cold weather and snow,Centigrade,5
A story of survival in extreme cold weather and snow,Cold Case,1
A story of survival in extreme cold weather and snow,Cold Enough for Snow,1
A story of survival in extreme cold weather and snow,Cold Mountain,3
A story of survival in extreme cold weather and snow,Cold War,1
A story of survival in extreme cold weather and snow,Dead of Winter,2
A story of survival in extreme cold weather and snow,First Winter,3
A story of survival in extreme cold weather and snow,Ice,3
A story of survival in extreme cold weather and snow,Let It Snow,2
A story of survival in extreme cold weather and snow,Pogey Beach,0
A story of survival in extreme cold weather and snow,Snow,2
A story of survival in extreme cold weather and snow,Survive,2
A story of survival in extreme cold weather and snow,The Snow Queen 3: Fire and Ice,2
A story of survival in extreme cold weather and snow,The Snows of Kilimanjaro,2
A story of survival in extreme cold weather and snow,Weather forecast,2
A story of survival in extreme cold weather and snow,Year of Extremes,1
Psychological tension and family secrets between relatives,2 Days In New York,3
Psychological tension and family secrets between relatives,Aamir,2
Psychological tension and family secrets between relatives,Among Family,2
Psychological tension and family secrets between relatives,Bobbleheads The Movie,2
Psychological tension and family secrets between relatives,Cousins,3
Psychological tension and family secrets between relatives,Deadly Family Secrets,3
Psychological tension and family secrets between relatives,Dil Dhadakne Do,4
Psychological tension and family secrets between relatives,Family Reunion,3
Psychological tension and family secrets between relatives,Friends Family & Lovers,1
Psychological tension and family secrets between relatives,Gunpoint,3
Psychological tension and family secrets between relatives,Hari Kondabolu: Warn Your Relatives,1
Psychological tension and family secrets between relatives,Honeyland,3
Psychological tension and family secrets between relatives,In Family I Trust,2
Psychological tension and family secrets between relatives,Secrets of Life,0
Psychological tension and family secrets between relatives,Shadow Parties,3
Psychological tension and family secrets between relatives,Sharing the Secret,2
Psychological tension and family secrets between relatives,The Maid's Room,4
Psychological tension and family secrets between relatives,The Tree of Blood,4
Psychological tension and family secrets between relatives,We Are Family,2
Psychological tension and family secrets between relatives,What Makes a Family,1
Psychological tension and family secrets between relatives,What We Wanted,3
High school students forming a music band and dealing with youth problems,100 Things to do Before High School,2
High school students forming a music band and dealing with youth problems,Band Aid,2
High school students forming a music band and dealing with youth problems,Bandslam,5
High school students forming a music band and dealing with youth problems,Coming Of Age,2
High school students forming a music band and dealing with youth problems,Detention (2004),2
High school students forming a music band and dealing with youth problems,Gang,2
High school students forming a music band and dealing with youth problems,High School Musical,3
High school students forming a music band and dealing with youth problems,High School Musical: The Musical: The Holiday Special,2
High school students forming a music band and dealing with youth problems,Lalaloopsy: Band Together,2
High school students forming a music band and dealing with youth problems,Light It Up,2
High school students forming a music band and dealing with youth problems,Recess: School's Out,1
High school students forming a music band and dealing with youth problems,Savage Youth,2
High school students forming a music band and dealing with youth problems,Science Fair,1
High school students forming a music band and dealing with youth problems,The Band Concert,1
High school students forming a music band and dealing with youth problems,The Boys in the Band,2
High school students forming a music band and dealing with youth problems,The Pop Ups: Great Pretenders Club,1
High school students forming a music band and dealing with youth problems,The School of Mischief,2
High school students forming a music band and dealing with youth problems,Toy Soldiers,2
High school students forming a music band and dealing with youth problems,Z-O-M-B-I-E-S,3
A journey through outer space to find a new habitable planet for humanity,A Beautiful Planet,2
A journey through outer space to find a new habitable planet for humanity,Alien Contact: Outer Space,2
A journey through outer space to find a new habitable planet for humanity,Elvira's Movie Macabre: Teenagers From Outer Space,1
A journey through outer space to find a new habitable planet for humanity,Forbidden Planet,3
A journey through outer space to find a new habitable planet for humanity,Fortress 2: Re-Entry,2
A journey through outer space to find a new habitable planet for humanity,Gamera 2: Attack of the Legion,2
A journey through outer space to find a new habitable planet for humanity,Last Call For Titan!,3
A journey through outer space to find a new habitable planet for humanity,Llamageddon,1
A journey through outer space to find a new habitable planet for humanity,NASA Science Live: Perseverance Mars Rover & the Search for Ancient Life,2
A journey through outer space to find a new habitable planet for humanity,Passage to Mars,3
A journey through outer space to find a new habitable planet for humanity,Pinkfong & Baby Shark's Space Adventure,2
A journey through outer space to find a new habitable planet for humanity,Pinkfong and Baby Shark's Space Adventure,2
A journey through outer space to find a new habitable planet for humanity,Planet 51,2
A journey through outer space to find a new habitable planet for humanity,Planet Of The Humans,1
A journey through outer space to find a new habitable planet for humanity,Space Station,2
A journey through outer space to find a new habitable planet for humanity,Terra Willy: Unexplored Planet,3
A journey through outer space to find a new habitable planet for humanity,The Cat from Outer Space,1
A journey through outer space to find a new habitable planet for humanity,The Jupiter Enigma,2
A journey through outer space to find a new habitable planet for humanity,The Search for Life in Space,3
A journey through outer space to find a new habitable planet for humanity,The Wandering Earth,4
A journey through outer space to find a new habitable planet for humanity,Voyage to the Planet of Prehistoric Women,2
A journey through outer space to find a new habitable planet for humanity,Wandering Witch: The Journey of Elaina,1
Documentary showing the history of jazz music and its cultural impact,Au Revoir Simone,1
Documentary showing the history of jazz music and its cultural impact,Black Power,2
Documentary showing the history of jazz music and its cultural impact,Bolden,3
Documentary showing the history of jazz music and its cultural impact,Chasing Trane: The John Coltrane Documentary,4
Documentary showing the history of jazz music and its cultural impact,GameStopped,1
Documentary showing the history of jazz music and its cultural impact,Get Thrashed! The Story Of Thrash Metal,3
Documentary showing the history of jazz music and its cultural impact,Howlin' Wolf - The Howlin' Wolf Story - The Secret History Of Rock & Roll,2
Documentary showing the history of jazz music and its cultural impact,Impact After The Crash,0
Documentary showing the history of jazz music and its cultural impact,Jasper Redd: Jazz Talk,2
Documentary showing the history of jazz music and its cultural impact,Jonas Brothers: The Concert Experience,1
Documentary showing the history of jazz music and its cultural impact,"Kirk Whalum: The Gospel According to Jazz, Chapter IV",3
Documentary showing the history of jazz music and its cultural impact,NBA The Essentials: Chicago Bulls 1998 NBA Finals Game 6 vs. Jazz,1
Documentary showing the history of jazz music and its cultural impact,Now More Than Ever: The History of Chicago,3
Documentary showing the history of jazz music and its cultural impact,The Jazz Singer,2
Documentary showing the history of jazz music and its cultural impact,The World's Greatest Cities Set to Jazz,2
Documentary showing the history of jazz music and its cultural impact,"Thelonious Monk: Straight, No Chaser",4
Documentary showing the history of jazz music and its cultural impact,Woodstock,2
A detective dealing with his own inner demons while chasing a serial killer,13 Teen,2
A detective dealing with his own inner demons while chasing a serial killer,A Haunting on Hamilton Street,1
A detective dealing with his own inner demons while chasing a serial killer,Attack Of The Demons,1
A detective dealing with his own inner demons while chasing a serial killer,Dead On,4
A detective dealing with his own inner demons while chasing a serial killer,Demon Warriors,3
A detective dealing with his own inner demons while chasing a serial killer,Die Ontwaking,3
A detective dealing with his own inner demons while chasing a serial killer,Evil On Queen Street: Bloodlust,2
A detective dealing with his own inner demons while chasing a serial killer,Hangman,4
A detective dealing with his own inner demons while chasing a serial killer,How to Catch A Serial Killer,3
A detective dealing with his own inner demons while chasing a serial killer,ID: INVADED,4
A detective dealing with his own inner demons while chasing a serial killer,Killer Among Us,3
A detective dealing with his own inner demons while chasing a serial killer,Kiss The Girls,4
A detective dealing with his own inner demons while chasing a serial killer,Mrs. Serial Killer,2
A detective dealing with his own inner demons while chasing a serial killer,Murder in Mind,4
A detective dealing with his own inner demons while chasing a serial killer,Running with the Devil,1
A detective dealing with his own inner demons while chasing a serial killer,The Forest Killer,4
A detective dealing with his own inner demons while chasing a serial killer,The Killer,2
A detective dealing with his own inner demons while chasing a serial killer,Twin Murders: the Silence of the White City,4
A detective dealing with his own inner demons while chasing a serial killer,Unknown Origins,4
A detective dealing with his own inner demons while chasing a serial killer,Willed To Kill,4
Romantic relationship between people from completely different social classes,678,3
Romantic relationship between people from completely different social classes,A Different Loyalty,2
Romantic relationship between people from completely different social classes,Acquainted,2
Romantic relationship between people from completely different social classes,Class,2
Romantic relationship between people from completely different social classes,Cuddle Weather,2
Romantic relationship between people from completely different social classes,Friends Family & Lovers,2
Romantic relationship between people from completely different social classes,Here and There,3
Romantic relationship between people from completely different social classes,Jonas,4
Romantic relationship between people from completely different social classes,Kaakan,5
Romantic relationship between people from completely different social classes,Life Partners,2
Romantic relationship between people from completely different social classes,Love and Friendship,3
Romantic relationship between people from completely different social classes,"Love, Surreal and Odd",2
Romantic relationship between people from completely different social classes,Mirzya,5
Romantic relationship between people from completely different social classes,Our Lovers,2
Romantic relationship between people from completely different social classes,Social Mandiya,1
Romantic relationship between people from completely different social classes,The Boyfriend School,2
Romantic relationship between people from completely different social classes,The Married Couples,4
Romantic relationship between people from completely different social classes,The Romantics,2
Romantic relationship between people from completely different social classes,Thom & Dusty Go To Mexico,1
Romantic relationship between people from completely different social classes,Yuva,4
A struggle against an oppressive dystopian government in a near future,2149: The Aftermath,4
A struggle against an oppressive dystopian government in a near future,Assassination Nation,2
A struggle against an oppressive dystopian government in a near future,Automata,4
A struggle against an oppressive dystopian government in a near future,Code 46,4
A struggle against an oppressive dystopian government in a near future,Forced Orphans,1
A struggle against an oppressive dystopian government in a near future,Man of Tomorrow: Prisoner 984,4
A struggle against an oppressive dystopian government in a near future,PERSECUTION,1
A struggle against an oppressive dystopian government in a near future,Paradise Canyon - Digitally Remastered,2
A struggle against an oppressive dystopian government in a near future,Problems,1
A struggle against an oppressive dystopian government in a near future,Revolt,2
A struggle against an oppressive dystopian government in a near future,Robot & Frank,3
A struggle against an oppressive dystopian government in a near future,Shadow Government,2
A struggle against an oppressive dystopian government in a near future,Split Second,3
A struggle against an oppressive dystopian government in a near future,The Dictator,2
A struggle against an oppressive dystopian government in a near future,The Edge of Democracy,2
A struggle against an oppressive dystopian government in a near future,The Humanity Bureau,4
A struggle against an oppressive dystopian government in a near future,The Monopoly On Violence,2
A struggle against an oppressive dystopian government in a near future,The Perfect Dictatorship,3
A struggle against an oppressive dystopian government in a near future,The Tangle,4
A struggle against an oppressive dystopian government in a near future,Zombie Strippers,3
Feel-good comedy about an unexpected friendship between a senior and a teenager,A FRIENDSHIP,2
Feel-good comedy about an unexpected friendship between a senior and a teenager,Almost Adults,2
Feel-good comedy about an unexpected friendship between a senior and a teenager,Ashby,4
Feel-good comedy about an unexpected friendship between a senior and a teenager,Chemical Hearts,2
Feel-good comedy about an unexpected friendship between a senior and a teenager,Fifty Year Old Teenager,1
Feel-good comedy about an unexpected friendship between a senior and a teenager,Friendsgiving,2
Feel-good comedy about an unexpected friendship between a senior and a teenager,Friendship,2
Feel-good comedy about an unexpected friendship between a senior and a teenager,Good Old Friends,2
Feel-good comedy about an unexpected friendship between a senior and a teenager,It's a Wonderful Afterlife,2
Feel-good comedy about an unexpected friendship between a senior and a teenager,Jamesy Boy,2
Feel-good comedy about an unexpected friendship between a senior and a teenager,My Little Pony Equestria Girls: Friendship Games,1
Feel-good comedy about an unexpected friendship between a senior and a teenager,My Little Pony Equestria Girls: Rollercoaster of Friendship,1
Feel-good comedy about an unexpected friendship between a senior and a teenager,Senior Entourage,2
Feel-good comedy about an unexpected friendship between a senior and a teenager,Slappy and the Stinkers,2
Feel-good comedy about an unexpected friendship between a senior and a teenager,Taipei Exchange,2
Feel-good comedy about an unexpected friendship between a senior and a teenager,Teenage Cocktail,2
Feel-good comedy about an unexpected friendship between a senior and a teenager,The Love Punch,2
Feel-good comedy about an unexpected friendship between a senior and a teenager,The Secret: Dare to Dream,2
Feel-good comedy about an unexpected friendship between a senior and a teenager,Young Adult,2
Athletes overcoming severe physical injuries to win a championship,'89,3
Athletes overcoming severe physical injuries to win a championship,5CM,1
Athletes overcoming severe physical injuries to win a championship,Andy Murray: Resurfacing (4K UHD),3
Athletes overcoming severe physical injuries to win a championship,Athlete A,2
Athletes overcoming severe physical injuries to win a championship,Champion,2
Athletes overcoming severe physical injuries to win a championship,English Championship Soccer,1
Athletes overcoming severe physical injuries to win a championship,Full-Court Miracle,2
Athletes overcoming severe physical injuries to win a championship,Heal,1
Athletes overcoming severe physical injuries to win a championship,In Search of Greatness,2
Athletes overcoming severe physical injuries to win a championship,Juneteenth: A Celebration of Overcoming,1
Athletes overcoming severe physical injuries to win a championship,Miracle Kid,2
Athletes overcoming severe physical injuries to win a championship,Monster High: Friday Night Frights,3
Athletes overcoming severe physical injuries to win a championship,Mountain Patrol,1
Athletes overcoming severe physical injuries to win a championship,Step Sisters,2
Athletes overcoming severe physical injuries to win a championship,The Autopsy of Jane Doe,1
Athletes overcoming severe physical injuries to win a championship,The Game Changers,2
Athletes overcoming severe physical injuries to win a championship,The Olympic Champ,2
Athletes overcoming severe physical injuries to win a championship,The Perfect Day,2
Athletes overcoming severe physical injuries to win a championship,The Rebound,3
Athletes overcoming severe physical injuries to win a championship,The Redeemed and the Dominant: Fittest on Earth,2
Athletes overcoming severe physical injuries to win a championship,Unlocking Victory,2
Athletes overcoming severe physical injuries to win a championship,Win By Fall,3
A house haunted by malevolent spirits that terrorize a family,A Haunted House,3
A house haunted by malevolent spirits that terrorize a family,A Haunted House 2,3
A house haunted by malevolent spirits that terrorize a family,A Haunting on Brockway Street,4
A house haunted by malevolent spirits that terrorize a family,A Haunting on Hamilton Street,4
A house haunted by malevolent spirits that terrorize a family,Arthur and the Haunted Tree House,2
A house haunted by malevolent spirits that terrorize a family,Delirium,3
A house haunted by malevolent spirits that terrorize a family,Ghost House,3
A house haunted by malevolent spirits that terrorize a family,Grandma's House,1
A house haunted by malevolent spirits that terrorize a family,Hillbilly's In A Haunted House,2
A house haunted by malevolent spirits that terrorize a family,Hospital,3
A house haunted by malevolent spirits that terrorize a family,House,3
A house haunted by malevolent spirits that terrorize a family,House Hunting,3
A house haunted by malevolent spirits that terrorize a family,House of the Witch,4
A house haunted by malevolent spirits that terrorize a family,House on Haunted Hill,3
A house haunted by malevolent spirits that terrorize a family,House on Haunted Hill (in Color),3
A house haunted by malevolent spirits that terrorize a family,Mary,2
A house haunted by malevolent spirits that terrorize a family,The Conjuring 2,5
A house haunted by malevolent spirits that terrorize a family,The Haunted Mansion,4
A house haunted by malevolent spirits that terrorize a family,The Haunting,4
A house haunted by malevolent spirits that terrorize a family,The Haunting in Connecticut,5
A house haunted by malevolent spirits that terrorize a family,We Are Still Here,4
Time travel causing complex paradoxes and altering historical events,About Time,3
Time travel causing complex paradoxes and altering historical events,Anesthesia,1
Time travel causing complex paradoxes and altering historical events,Boy Missing,1
Time travel causing complex paradoxes and altering historical events,Cars Toon: Time Travel Mater,3
Time travel causing complex paradoxes and altering historical events,In Paradox,1
Time travel causing complex paradoxes and altering historical events,Outside In,1
Time travel causing complex paradoxes and altering historical events,Panoptic,2
Time travel causing complex paradoxes and altering historical events,Paradox,2
Time travel causing complex paradoxes and altering historical events,Synchronicity,4
Time travel causing complex paradoxes and altering historical events,The Future,2
Time travel causing complex paradoxes and altering historical events,The History of Time Travel,4
Time travel causing complex paradoxes and altering historical events,The Time Traveler,3
Time travel causing complex paradoxes and altering historical events,Time Freak,3
Time travel causing complex paradoxes and altering historical events,Time Sleeper,3
Time travel causing complex paradoxes and altering historical events,Timecrimes(English Subtitled),4
Time travel causing complex paradoxes and altering historical events,Timeline,4
Time travel causing complex paradoxes and altering historical events,Veerathirumagan,1
Time travel causing complex paradoxes and altering historical events,"Wrong Place, Wrong Time",1
An deep dive into the lives of wild animals in the African savannah,America's Greatest Animals,3
An deep dive into the lives of wild animals in the African savannah,Animals on the Loose: A You vs. Wild Movie,2
An deep dive into the lives of wild animals in the African savannah,Born Wild: The Next Generation,2
An deep dive into the lives of wild animals in the African savannah,Deep Blue,2
An deep dive into the lives of wild animals in the African savannah,Disneynature African Cats,5
An deep dive into the lives of wild animals in the African savannah,Diving with Dolphins,2
An deep dive into the lives of wild animals in the African savannah,Explore The Wildlife Kingdom: Lions - Kings of Africa,4
An deep dive into the lives of wild animals in the African savannah,India's Wild Leopards,2
An deep dive into the lives of wild animals in the African savannah,Into the Deep,2
An deep dive into the lives of wild animals in the African savannah,Savannah,1
An deep dive into the lives of wild animals in the African savannah,Strange Wilderness,2
An deep dive into the lives of wild animals in the African savannah,The African Lion,4
An deep dive into the lives of wild animals in the African savannah,The Prospects,1
An deep dive into the lives of wild animals in the African savannah,The Wild,2
An deep dive into the lives of wild animals in the African savannah,Wild Colombia Revealed,2
An deep dive into the lives of wild animals in the African savannah,Wild Kratts: Creatures of the Deep Sea,2
An deep dive into the lives of wild animals in the African savannah,Wild Uganda,3
A lawyer fighting against a corrupt corporation to protect poor citizens,A Crooked Somebody,1
A lawyer fighting against a corrupt corporation to protect poor citizens,Against the Law,1
A lawyer fighting against a corrupt corporation to protect poor citizens,Bad Company,1
A lawyer fighting against a corrupt corporation to protect poor citizens,Black November,4
A lawyer fighting against a corrupt corporation to protect poor citizens,Close Range,2
A lawyer fighting against a corrupt corporation to protect poor citizens,Corporate,2
A lawyer fighting against a corrupt corporation to protect poor citizens,Corporate Prey,3
A lawyer fighting against a corrupt corporation to protect poor citizens,Crime Insiders,2
A lawyer fighting against a corrupt corporation to protect poor citizens,DECA-DENCE,2
A lawyer fighting against a corrupt corporation to protect poor citizens,Defendor,2
A lawyer fighting against a corrupt corporation to protect poor citizens,Dragon Eyes,2
A lawyer fighting against a corrupt corporation to protect poor citizens,Ek Cup Chya,3
A lawyer fighting against a corrupt corporation to protect poor citizens,Odeya,3
A lawyer fighting against a corrupt corporation to protect poor citizens,Odeya (4K UHD),3
A lawyer fighting against a corrupt corporation to protect poor citizens,Pugazh,3
A lawyer fighting against a corrupt corporation to protect poor citizens,Saving Capitalism,1
A lawyer fighting against a corrupt corporation to protect poor citizens,The Attorney,4
A lawyer fighting against a corrupt corporation to protect poor citizens,The Flaw,1
A lawyer fighting against a corrupt corporation to protect poor citizens,The Land,3
A lawyer fighting against a corrupt corporation to protect poor citizens,The Lincoln Lawyer,3
A lawyer fighting against a corrupt corporation to protect poor citizens,Velaikkaran,4
An artist struggling with writer's block and losing their mind,Chronically Metropolitan,4
An artist struggling with writer's block and losing their mind,Creative Control,2
An artist struggling with writer's block and losing their mind,Deadly Illusions,5
An artist struggling with writer's block and losing their mind,Freedom Writers,2
An artist struggling with writer's block and losing their mind,Grace,4
An artist struggling with writer's block and losing their mind,I Am Watching You,3
An artist struggling with writer's block and losing their mind,Joy & Hope,3
An artist struggling with writer's block and losing their mind,Koi Jaane Na,3
An artist struggling with writer's block and losing their mind,Lisa Lampanelli: Back To The Drawing Board,2
An artist struggling with writer's block and losing their mind,Meri Pyaari Bindu,3
An artist struggling with writer's block and losing their mind,Minding the Gap,1
An artist struggling with writer's block and losing their mind,My Beautiful Broken Brain,2
An artist struggling with writer's block and losing their mind,Painter,3
An artist struggling with writer's block and losing their mind,Paranormal,3
An artist struggling with writer's block and losing their mind,Struggle: The Life and Lost Art of Szukalski,2
An artist struggling with writer's block and losing their mind,The Artist,3
An artist struggling with writer's block and losing their mind,The Creative Brain,2
An artist struggling with writer's block and losing their mind,The Right One,3
An artist struggling with writer's block and losing their mind,While We're Young,3
An artist struggling with writer's block and losing their mind,Writer,2
A classic revenge story where a protagonist hunts down former betrayers,22 Bullets,4
A classic revenge story where a protagonist hunts down former betrayers,Betrayal,3
A classic revenge story where a protagonist hunts down former betrayers,Cleopatra Jones,3
A classic revenge story where a protagonist hunts down former betrayers,Gaddar: the Traitor,3
A classic revenge story where a protagonist hunts down former betrayers,Girl's Revenge,3
A classic revenge story where a protagonist hunts down former betrayers,Hamlet,4
A classic revenge story where a protagonist hunts down former betrayers,I Am Vengeance: Retaliation,3
A classic revenge story where a protagonist hunts down former betrayers,I Spit on Your Grave,3
A classic revenge story where a protagonist hunts down former betrayers,Kiss The Girls,2
A classic revenge story where a protagonist hunts down former betrayers,Kottai Vaasal,3
A classic revenge story where a protagonist hunts down former betrayers,Motives 2: Retribution,3
A classic revenge story where a protagonist hunts down former betrayers,Revenge for Jolly,2
A classic revenge story where a protagonist hunts down former betrayers,Revenge in Kind,2
A classic revenge story where a protagonist hunts down former betrayers,Revenger,4
A classic revenge story where a protagonist hunts down former betrayers,Rurouni Kenshin: The Final,4
A classic revenge story where a protagonist hunts down former betrayers,Screwdriver,3
A classic revenge story where a protagonist hunts down former betrayers,The Changeling,3
A classic revenge story where a protagonist hunts down former betrayers,The Hard Way,4
A classic revenge story where a protagonist hunts down former betrayers,The Return 2020,3
A classic revenge story where a protagonist hunts down former betrayers,The Traitor,2
A classic revenge story where a protagonist hunts down former betrayers,Traitor,3
Coming of age story of a young boy finding his identity in a small town,A Boy Called Sailboat,5
Coming of age story of a young boy finding his identity in a small town,Bhasmasur,3
Coming of age story of a young boy finding his identity in a small town,Boy of the Streets,3
Coming of age story of a young boy finding his identity in a small town,Coming Out,3
Coming of age story of a young boy finding his identity in a small town,Generation Aami,4
Coming of age story of a young boy finding his identity in a small town,Greener Mountains,3
Coming of age story of a young boy finding his identity in a small town,Gully Boy,4
Coming of age story of a young boy finding his identity in a small town,Hatching Pete,3
Coming of age story of a young boy finding his identity in a small town,Here Are The Young Men,3
Coming of age story of a young boy finding his identity in a small town,Kanarie,4
Coming of age story of a young boy finding his identity in a small town,La Luna,4
Coming of age story of a young boy finding his identity in a small town,Local Boy,3
Coming of age story of a young boy finding his identity in a small town,Lost Child,2
Coming of age story of a young boy finding his identity in a small town,Our Town,3
Coming of age story of a young boy finding his identity in a small town,Small Town Crime,2
Coming of age story of a young boy finding his identity in a small town,Stargirl,4
Coming of age story of a young boy finding his identity in a small town,THE CHRISTMAS EDITION,2
Coming of age story of a young boy finding his identity in a small town,The Boy,3
Coming of age story of a young boy finding his identity in a small town,The City of Lost Children,2
Coming of age story of a young boy finding his identity in a small town,Young Adult,2
Movies directed by Steven Spielberg,Catch Me If You Can,5
Movies directed by Steven Spielberg,Doors,0
Movies directed by Steven Spielberg,Indiana Jones and the Kingdom of the Crystal Skull,5
Movies directed by Steven Spielberg,Indiana Jones and the Last Crusade,5
Movies directed by Steven Spielberg,Indiana Jones and the Raiders of the Lost Ark,5
Movies directed by Steven Spielberg,Indiana Jones and the Temple of Doom,5
Movies directed by Steven Spielberg,Jaws,5
Movies directed by Steven Spielberg,Jim Jefferies: Intolerant,0
Movies directed by Steven Spielberg,Lincoln,5
Movies directed by Steven Spielberg,Movie 43,0
Movies directed by Steven Spielberg,Schindler's List,5
Movies directed by Steven Spielberg,The Adventures of Tintin,5
Movies directed by Steven Spielberg,The BFG,5
Movies directed by Steven Spielberg,To Tokyo,0
Movies directed by Steven Spielberg,War Horse,5
Movies directed by Martin Scorsese,Alice Doesn't Live Here Anymore,5
Movies directed by Martin Scorsese,De Film van Dylan Haegens,0
Movies directed by Martin Scorsese,Defying the Nazis: The Sharps' War,0
Movies directed by Martin Scorsese,GoodFellas,5
Movies directed by Martin Scorsese,Hugo,5
Movies directed by Martin Scorsese,Inglourious Basterds,1
Movies directed by Martin Scorsese,KevCoin: The Movie,0
Movies directed by Martin Scorsese,Mean Streets,5
Movies directed by Martin Scorsese,No Direction Home: Bob Dylan,5
Movies directed by Martin Scorsese,Raging Bull,5
Movies directed by Martin Scorsese,Rolling Thunder Revue: A Bob Dylan Story by Martin Scorsese,5
Movies directed by Martin Scorsese,Schindler's List,1
Movies directed by Martin Scorsese,Scorpio,0
Movies directed by Martin Scorsese,Shutter Island,5
Movies directed by Martin Scorsese,The Departed,5
Movies directed by Martin Scorsese,The Irishman,5
Movies directed by Martin Scorsese,The Meddler,0
Movies directed by Martin Scorsese,Who's That Knocking at My Door?,5
Films starring Samuel L. Jackson,(Dub) Afro Samurai Resurrection,4
Films starring Samuel L. Jackson,Alan Jackson - Small Town Southern Man,1
Films starring Samuel L. Jackson,Damsel,2
Films starring Samuel L. Jackson,De Film van Dylan Haegens,0
Films starring Samuel L. Jackson,ESPN Films Presents,0
Films starring Samuel L. Jackson,Elvis & Nixon,1
Films starring Samuel L. Jackson,George & A.J.,1
Films starring Samuel L. Jackson,JFK: The Making of a President,1
Films starring Samuel L. Jackson,King of Boys,1
Films starring Samuel L. Jackson,Kings,2
Films starring Samuel L. Jackson,Maynard,1
Films starring Samuel L. Jackson,Meeting Evil,4
Films starring Samuel L. Jackson,Motu Patlu: King of Kings,1
Films starring Samuel L. Jackson,Pierre Jackson,1
Films starring Samuel L. Jackson,Rules Of Engagement,4
Films starring Samuel L. Jackson,Sri Valli,0
Films starring Samuel L. Jackson,The Diabolical Schemes of Thadeus Jackson,2
Films starring Samuel L. Jackson,The Last Full Measure,4
Films starring Samuel L. Jackson,The Original Kings of Comedy,2
Films starring Samuel L. Jackson,The Wrong Car,1
Films starring Samuel L. Jackson,The Zombie King,1
Films starring Samuel L. Jackson,Zombie King,1
Movies starring Danny Trejo,69: The Saga of Danny Hernandez,1
Movies starring Danny Trejo,Babysitters Beware,2
Movies starring Danny Trejo,Bad Ass 2: Bad Asses,5
Movies starring Danny Trejo,Bad Asses on the Bayou,5
Movies starring Danny Trejo,Danny,2
Movies starring Danny Trejo,Danny Bhoy: Subject to Change,2
Movies starring Danny Trejo,Danny Boy,2
Movies starring Danny Trejo,Danny Says,2
Movies starring Danny Trejo,Dummy,2
Movies starring Danny Trejo,Judge Dredd,1
Movies starring Danny Trejo,Krish Trish and Baltiboy,0
Movies starring Danny Trejo,Krish Trish and Baltiboy: Comics of India,0
Movies starring Danny Trejo,Krish Trish and Baltiboy: The Greatest Trick,0
Movies starring Danny Trejo,Ocean's Eleven,2
Movies starring Danny Trejo,Ocean's Thirteen,2
Movies starring Danny Trejo,Ocean's Twelve,2
Movies starring Danny Trejo,Rolling Stone: Life And Death Of Brian Jones,1
Films starring Shah Rukh Khan,Aamchya Sarkhe Aamhich,2
Films starring Shah Rukh Khan,Amar Shaheed Bhagat Singh,1
Films starring Shah Rukh Khan,Ankhon Dekhi,1
Films starring Shah Rukh Khan,Dhanak,3
Films starring Shah Rukh Khan,Don,5
Films starring Shah Rukh Khan,ESPN Films Presents,0
Films starring Shah Rukh Khan,Eh Janam Tumhare Lekhe,1
Films starring Shah Rukh Khan,Fan,5
Films starring Shah Rukh Khan,Fanney Khan,2
Films starring Shah Rukh Khan,Istha Sakhi,1
Films starring Shah Rukh Khan,Jab Tak Hai Jaan,5
Films starring Shah Rukh Khan,Kabul Express,2
Films starring Shah Rukh Khan,Khandani Shafakhana,1
Films starring Shah Rukh Khan,Marriage Counseling Films,0
Films starring Shah Rukh Khan,My Next Guest with David Letterman and Shah Rukh Khan,4
Films starring Shah Rukh Khan,PK,2
Films starring Shah Rukh Khan,Rukh,2
Films starring Shah Rukh Khan,Sakhi,1
Films starring Shah Rukh Khan,Star Trek II: The Wrath of Khan,2
Films starring Shah Rukh Khan,The Masters Films,0
Movies starring Amitabh Bachchan,102 Not Out,5
Movies starring Amitabh Bachchan,Aakhri Adaalat,3
Movies starring Amitabh Bachchan,Aashik Awara,3
Movies starring Amitabh Bachchan,Agneepath,5
Movies starring Amitabh Bachchan,Aitraaz,3
Movies starring Amitabh Bachchan,Ami Sudhu Cheyechhi Tomay,1
Movies starring Amitabh Bachchan,Angulika,1
Movies starring Amitabh Bachchan,Anuraag,2
Movies starring Amitabh Bachchan,Bachna Ae Haseeno,2
Movies starring Amitabh Bachchan,Barsaat Ki Ek Raat,5
Movies starring Amitabh Bachchan,Bunty Aur Babli,5
Movies starring Amitabh Bachchan,Changeland,1
Movies starring Amitabh Bachchan,Dhoom,3
Movies starring Amitabh Bachchan,Dostana,3
Movies starring Amitabh Bachchan,Ek Ladki Ko Dekha Toh Aisa Laga,1
Movies starring Amitabh Bachchan,Kabhi Kabhie,5
Movies starring Amitabh Bachchan,Mundeyan Ton Bachke Rahin,1
Movies starring Amitabh Bachchan,Phir Bhi Dil Hai Hindustani,1
Movies starring Amitabh Bachchan,Shubh Aarambh,1
Movies starring Amitabh Bachchan,Shubh Bol Narya,1
Movies starring Amitabh Bachchan,Silsila,5
Films starring Nicolas Cage,Army of One,5
Films starring Nicolas Cage,Beach Rats,1
Films starring Nicolas Cage,Birdy,5
Films starring Nicolas Cage,Casino Royale,1
Films starring Nicolas Cage,Damien Jurado,0
Films starring Nicolas Cage,Donnybrook,2
Films starring Nicolas Cage,ESPN Films Presents,0
Films starring Nicolas Cage,Grand Isle,5
Films starring Nicolas Cage,Inconceivable,5
Films starring Nicolas Cage,Inglourious Basterds,1
Films starring Nicolas Cage,Marriage Counseling Films,0
Films starring Nicolas Cage,Pay The Ghost,5
Films starring Nicolas Cage,The Fabulous Allan Carr,1
Films starring Nicolas Cage,Torture Chamber,1
Films starring Nicolas Cage,USS Indianapolis: Men of Courage,5
Films starring Nicolas Cage,We Bought A Zoo: In Character with Matt Damon and Scarlett Johansson,1
Films starring Nicolas Cage,World Trade Center,5
Films starring Nicolas Cage,Zoo,1
Films starring Nicolas Cage,Zoot Suit,1
Films starring Nicolas Cage,Zootopia,1
Movies starring Bruce Willis,10 Minutes Gone,5
Movies starring Bruce Willis,10 Minutes Gone (4K UHD),5
Movies starring Bruce Willis,Breach,5
Movies starring Bruce Willis,Bruce Lee,1
Movies starring Bruce Willis,Bruce Lee the Invincible,1
Movies starring Bruce Willis,"Bruce Lee: The Man, The Myth",1
Movies starring Bruce Willis,Chhota Bheem Aur Hanuman,1
Movies starring Bruce Willis,Chhota Bheem and the Curse of Damyaan,1
Movies starring Bruce Willis,Cobra Kai - The Afterparty,2
Movies starring Bruce Willis,Mercury Rising,5
Movies starring Bruce Willis,Once Upon a Time in Venice,5
Movies starring Bruce Willis,Out of Death,5
Movies starring Bruce Willis,Ralph Breaks the Internet: Wreck-It Ralph 2,1
Movies starring Bruce Willis,Robert the Bruce,1
Movies starring Bruce Willis,Survive the Night,5
Movies starring Bruce Willis,Survive the Night (4K UHD),5
Movies starring Bruce Willis,Tears of the Sun,5
Movies starring Bruce Willis,The Jackal,5
Movies directed by Robert Vince,A Bullet For Sandoval,1
Movies directed by Robert Vince,Au coeur des gangs,1
Movies directed by Robert Vince,El Camino: A Breaking Bad Movie,2
Movies directed by Robert Vince,"Hugh O'Brian in ""The Brass Legend"" - A Western Action Classic",1
Movies directed by Robert Vince,Monkey Up,5
Movies directed by Robert Vince,Pup Star,5
Movies directed by Robert Vince,Pup Star: Better 2Gether,5
Movies directed by Robert Vince,Robert,2
Movies directed by Robert Vince,"Robert Mitchum & Julie London in ""The Wonderful Country"" - A Technicolor Western Classic",1
Movies directed by Robert Vince,Russell Madness,5
Movies directed by Robert Vince,Santa Paws 2: The Santa Pups,5
Movies directed by Robert Vince,Snow Buddies,5
Movies directed by Robert Vince,Spooky Buddies,5
Movies directed by Robert Vince,Super Buddies,5
Movies directed by Robert Vince,The Curse of Robert,2
Movies directed by Robert Vince,The Search for Santa Paws,5
Movies directed by Robert Vince,Treasure Buddies,5
Movies directed by Robert Vince,Universal Soldier,1
Movies directed by Robert Vince,Vince and Kath and James,2
Movies directed by Robert Vince,Vincent N Roxxy,1
Films directed by Paul Hoen,Cloud 9,5
Films directed by Paul Hoen,Dadnapped,5
Films directed by Paul Hoen,De Film van Dylan Haegens,1
Films directed by Paul Hoen,Disney Zombies 2,5
Films directed by Paul Hoen,HOMUNCULUS,1
Films directed by Paul Hoen,Halston,1
Films directed by Paul Hoen,Hi De Ho,1
Films directed by Paul Hoen,Insan,1
Films directed by Paul Hoen,Invisible Sister,5
Films directed by Paul Hoen,Kyun! Ho Gaya Na,1
Films directed by Paul Hoen,Let it Shine,5
Films directed by Paul Hoen,Luck of the Irish,5
Films directed by Paul Hoen,Memories of a Murderer: The Nilsen Tapes,1
Films directed by Paul Hoen,Paan Singh Tomar,1
Films directed by Paul Hoen,Phenix,2
Films directed by Paul Hoen,Read It and Weep,5
Films directed by Paul Hoen,The Cheetah Girls: One World,5
Films directed by Paul Hoen,The Mistle-Tones,5
Films directed by Paul Hoen,The Omen (4K UHD),2
Films directed by Paul Hoen,Tru Confessions,5
Films directed by Paul Hoen,You Wish!,5
Movies starring Anupam Kher,36 Husbands,1
Movies starring Anupam Kher,Angulika,2
Movies starring Anupam Kher,Ankahi Kahaniya,3
Movies starring Anupam Kher,Be Here Now,1
Movies starring Anupam Kher,Bottom of the 9th,1
Movies starring Anupam Kher,Changeland,1
Movies starring Anupam Kher,Checkmate,1
Movies starring Anupam Kher,Dilwale Dulhania Le Jayenge,5
Movies starring Anupam Kher,Falling for You,1
Movies starring Anupam Kher,Gumrah,5
Movies starring Anupam Kher,"Hugh O'Brian in ""The Brass Legend"" - A Western Action Classic",1
Movies starring Anupam Kher,Inji iduppazhagi,2
Movies starring Anupam Kher,Kaakha Kaakha,1
Movies starring Anupam Kher,Kaali Khuhi,2
Movies starring Anupam Kher,Khabardar,2
Movies starring Anupam Kher,Khubsoorat,5
Movies starring Anupam Kher,Khuda kasam,2
Movies starring Anupam Kher,Khushi,2
Movies starring Anupam Kher,"Mickey, Donald, Goofy: The Three Musketeers",1
Movies starring Anupam Kher,Starred Up,2
Movies starring Anupam Kher,The Ultimate Life,1
Movies starring Anupam Kher,Uppena,2
Films starring Maggie Binkley,Blair Witch,1
Films starring Maggie Binkley,Diane,1
Films starring Maggie Binkley,ESPN Films Presents,1
Films starring Maggie Binkley,Get a Clue,2
Films starring Maggie Binkley,"Maggie Simpson in ""Playdate with Destiny""",3
Films starring Maggie Binkley,"Maggie Simpson in ""The Force Awakens from its Nap""",3
Films starring Maggie Binkley,"Maggie Simpson in ""The Longest Daycare""",3
Films starring Maggie Binkley,Maggie's Plan,3
Films starring Maggie Binkley,Maggie's War,1
Films starring Maggie Binkley,Marriage Counseling Films,1
Films starring Maggie Binkley,Mona Lisa Smile,2
Films starring Maggie Binkley,Secrets of Chatsworth,1
Films starring Maggie Binkley,Steve and Maggie - Spooktacular Special (Vol. 14),3
Films starring Maggie Binkley,Tea With the Dames,2
Films starring Maggie Binkley,The Lizzie McGuire Movie,2
Films starring Maggie Binkley,The Masters Films,1
Films starring Maggie Binkley,The Taking of Deborah Logan,1
Movies starring Paresh Rawal,36 Husbands,1
Movies starring Paresh Rawal,Angulika,2
Movies starring Paresh Rawal,Be Here Now,1
Movies starring Paresh Rawal,Bottom of the 9th,1
Movies starring Paresh Rawal,Changeland,1
Movies starring Paresh Rawal,Checkmate,1
Movies starring Paresh Rawal,Falling for You,1
Movies starring Paresh Rawal,Harishchandrachi Factory,4
Movies starring Paresh Rawal,"Hugh O'Brian in ""The Brass Legend"" - A Western Action Classic",1
Movies starring Paresh Rawal,"Mickey, Donald, Goofy: The Three Musketeers",1
Movies starring Paresh Rawal,Odeya (4K UHD),3
Movies starring Paresh Rawal,Pardes,5
Movies starring Paresh Rawal,Pareeth Pandaari,2
Movies starring Paresh Rawal,Pari,2
Movies starring Paresh Rawal,Parol Tamil,2
Movies starring Paresh Rawal,Pukar,5
Movies starring Paresh Rawal,Romantik Komedi 2: Bekarlığa Veda,1
Movies starring Paresh Rawal,Solo Con Tu Pareja,1
Movies starring Paresh Rawal,Taare Zameen Par,5
Movies starring Paresh Rawal,Teefa in Trouble,2
Movies starring Paresh Rawal,The Ultimate Life,1
Films starring Naseeruddin Shah,30 for 30 Shorts,1
Films starring Naseeruddin Shah,Aamchya Sarkhe Aamhich,2
Films starring Naseeruddin Shah,Amar Shaheed Bhagat Singh,1
Films starring Naseeruddin Shah,Amhi Doghe Raja Rani,1
Films starring Naseeruddin Shah,Azhar,2
Films starring Naseeruddin Shah,CONFLICTED,1
Films starring Naseeruddin Shah,Don,3
Films starring Naseeruddin Shah,ESPN Films Presents,1
Films starring Naseeruddin Shah,Eh Janam Tumhare Lekhe,1
Films starring Naseeruddin Shah,Fan,3
Films starring Naseeruddin Shah,Kadavul Paathi Mirugam Paathi,2
Films starring Naseeruddin Shah,Khandani Shafakhana,2
Films starring Naseeruddin Shah,Laatu,1
Films starring Naseeruddin Shah,Marriage Counseling Films,1
Films starring Naseeruddin Shah,Mumbai Cha Raja,2
Films starring Naseeruddin Shah,My Next Guest with David Letterman and Shah Rukh Khan,3
Films starring Naseeruddin Shah,Raja Natwarlal,2
Films starring Naseeruddin Shah,Saeed Mirza: The Leftist Sufi,2
Films starring Naseeruddin Shah,Sahil Shah’s: Childish Behaviour,2
Films starring Naseeruddin Shah,The Masters Films,1
Movies starring Akshay Kumar,2.0 (Hindi),5
Movies starring Akshay Kumar,2.0 (Tamil),5
Movies starring Akshay Kumar,2.0 (Telugu),5
Movies starring Akshay Kumar,Aaha Kalyanam (Telugu Dubbed),1
Movies starring Akshay Kumar,Aamchya Sarkhe Aamhich,1
Movies starring Akshay Kumar,Aashayein,2
Movies starring Akshay Kumar,Ankahi Kahaniya,2
Movies starring Akshay Kumar,April 28th em jarigindi,1
Movies starring Akshay Kumar,Bell Bottom,5
Movies starring Akshay Kumar,Brothers,5
Movies starring Akshay Kumar,Harold & Kumar Escape from Guantanamo Bay,2
Movies starring Akshay Kumar,Kaafi Filmy,2
Movies starring Akshay Kumar,Kabali (Hindi Version),1
Movies starring Akshay Kumar,Kabir Singh,2
Movies starring Akshay Kumar,Kadavul Irukaan Kumaru,2
Movies starring Akshay Kumar,Kadavul Paathi Mirugam Paathi,1
Movies starring Akshay Kumar,Mohan Kumar Fans,2
Movies starring Akshay Kumar,Pizza,1
Movies starring Akshay Kumar,Tashan,5
Movies starring Akshay Kumar,Yeh Dillagi,5
Films directed by John Lasseter,A Bug's Life,5
Films directed by John Lasseter,A Witches' Ball,0
Films directed by John Lasseter,Adithya Varma,1
Films directed by John Lasseter,Cars,5
Films directed by John Lasseter,Cars Toon: El Materdor,5
Films directed by John Lasseter,Cars Toon: Mater the Greater,5
Films directed by John Lasseter,Cars Toon: Monster Truck Mater,5
Films directed by John Lasseter,Cars Toon: Tokyo Mater,5
Films directed by John Lasseter,Cars Toon: Unidentified Flying Mater,5
Films directed by John Lasseter,Haywire,0
Films directed by John Lasseter,Jatt James Bond,1
Films directed by John Lasseter,Knick Knack Theatrical Short,5
Films directed by John Lasseter,Mater and the Ghostlight,5
Films directed by John Lasseter,Neseli Hayat,0
Films directed by John Lasseter,Red's Dream,5
Films directed by John Lasseter,Ricardo Quevedo: Hay gente así,0
Films directed by John Lasseter,Tin Toy,5
Films directed by John Lasseter,Toy Story,5
Movies starring Om Puri,Alan Saldaña: Mi vida de pobre,1
Movies starring Om Puri,Cut The Rope: Om Nom Stories - Challenging Games,2
Movies starring Om Puri,Cut The Rope: Om Nom Stories - Learning Time,2
Movies starring Om Puri,Cut The Rope: Om Nom Stories - Play Time,2
Movies starring Om Puri,Cut the Rope - Om Nom Stories Video Blog,2
Movies starring Om Puri,Cut the Rope: Learn English with Om Nom (Volume 2),2
Movies starring Om Puri,Cut the Rope: Learn Italian with Om Nom (Volume 1),2
Movies starring Om Puri,Cut the Rope: Learn Spanish with Om Nom (Volume 1),2
Movies starring Om Puri,Cut the Rope: Om Nom Stories - Holiday Specials,2
Movies starring Om Puri,Om Shanti Om,4
Movies starring Om Puri,Pudhumai Penn,1
Movies starring Om Puri,Pukar,2
Movies starring Om Puri,Puriyatha Puthir,1
Movies starring Om Puri,Purl,1
Movies starring Om Puri,Pururava,1
Movies starring Om Puri,Sawan Ki Ghata,3
Movies starring Om Puri,The Omen,3
Movies starring Om Puri,The Omen (4K UHD),3
Movies starring Om Puri,The Pudgie Movie,1
Action movies starring Samuel L. Jackson,(Dub) Afro Samurai Resurrection,4
Action movies starring Samuel L. Jackson,Action,2
Action movies starring Samuel L. Jackson,Alan Jackson - Small Town Southern Man,1
Action movies starring Samuel L. Jackson,America: The Motion Picture,1
Action movies starring Samuel L. Jackson,Damsel,2
Action movies starring Samuel L. Jackson,De Film van Dylan Haegens,1
Action movies starring Samuel L. Jackson,George & A.J.,1
Action movies starring Samuel L. Jackson,In Action,3
Action movies starring Samuel L. Jackson,John Carter,3
Action movies starring Samuel L. Jackson,King of Boys,2
Action movies starring Samuel L. Jackson,Kings,2
Action movies starring Samuel L. Jackson,Maynard,1
Action movies starring Samuel L. Jackson,Meeting Evil,4
Action movies starring Samuel L. Jackson,Pierre Jackson,1
Action movies starring Samuel L. Jackson,Rules Of Engagement,4
Action movies starring Samuel L. Jackson,The Diabolical Schemes of Thadeus Jackson,3
Action movies starring Samuel L. Jackson,The Last Full Measure,4
Action movies starring Samuel L. Jackson,The Original Kings of Comedy,1
Action movies starring Samuel L. Jackson,The Wrong Car,1
Action movies starring Samuel L. Jackson,The Zombie King,1
Action movies starring Samuel L. Jackson,Zombie King,1
Science fiction movies directed by Steven Spielberg,Aliens of the Deep,2
Science fiction movies directed by Steven Spielberg,Catch Me If You Can,3
Science fiction movies directed by Steven Spielberg,Doors,3
Science fiction movies directed by Steven Spielberg,Indiana Jones and the Kingdom of the Crystal Skull,5
Science fiction movies directed by Steven Spielberg,Indiana Jones and the Raiders of the Lost Ark,4
Science fiction movies directed by Steven Spielberg,Indiana Jones and the Temple of Doom,4
Science fiction movies directed by Steven Spielberg,Jaws,3
Science fiction movies directed by Steven Spielberg,Jim Jefferies: Intolerant,1
Science fiction movies directed by Steven Spielberg,Jurassic Galaxy,4
Science fiction movies directed by Steven Spielberg,Lincoln,2
Science fiction movies directed by Steven Spielberg,Minority Report,5
Science fiction movies directed by Steven Spielberg,Picture a Scientist,1
Science fiction movies directed by Steven Spielberg,Rupture,3
Science fiction movies directed by Steven Spielberg,Schindler's List,2
Science fiction movies directed by Steven Spielberg,The Adventures of Tintin,2
Science fiction movies directed by Steven Spielberg,The BFG,2
Science fiction movies directed by Steven Spielberg,Things To Come,3
Science fiction movies directed by Steven Spielberg,War Horse,2
Animated films directed by John Lasseter,A Bug's Life,5
Animated films directed by John Lasseter,A Witches' Ball,1
Animated films directed by John Lasseter,Cars,5
Animated films directed by John Lasseter,Cars Toon: El Materdor,5
Animated films directed by John Lasseter,Cars Toon: Mater the Greater,5
Animated films directed by John Lasseter,Cars Toon: Monster Truck Mater,5
Animated films directed by John Lasseter,Cars Toon: Rescue Squad Mater,5
Animated films directed by John Lasseter,Cars Toon: Tokyo Mater,5
Animated films directed by John Lasseter,Cars Toon: Unidentified Flying Mater,5
Animated films directed by John Lasseter,Knick Knack Theatrical Short,4
Animated films directed by John Lasseter,"Life, Animated",2
Animated films directed by John Lasseter,Mater and the Ghostlight,5
Animated films directed by John Lasseter,Mickey's Tale of Two Witches,2
Animated films directed by John Lasseter,Red's Dream,5
Animated films directed by John Lasseter,Ricardo Quevedo: Hay gente así,1
Animated films directed by John Lasseter,Tin Toy,5
Animated films directed by John Lasseter,Toy Story,5
Documentaries featuring Elon Musk,Awon Boyz,1
Documentaries featuring Elon Musk,Billie,2
Documentaries featuring Elon Musk,Diana: In Her Own Words,2
Documentaries featuring Elon Musk,El mundo fuera – Alejandro Sanz,2
Documentaries featuring Elon Musk,Elon Gold: Chosen & Taken,1
Documentaries featuring Elon Musk,Elon Musk: The Real Life Iron Man,5
Documentaries featuring Elon Musk,House of Z,1
Documentaries featuring Elon Musk,I Am Sun Mu,2
Documentaries featuring Elon Musk,John Mellencamp: Plain Spoken,2
Documentaries featuring Elon Musk,MLK/FBI,2
Documentaries featuring Elon Musk,Mars: Inside SpaceX,4
Documentaries featuring Elon Musk,Mully,1
Documentaries featuring Elon Musk,Munafik 2,1
Documentaries featuring Elon Musk,Salam - The First ****** Nobel Laureate,2
Documentaries featuring Elon Musk,Surviving R. Kelly: The Impact,2
Documentaries featuring Elon Musk,That Summer,2
Documentaries featuring Elon Musk,Tusk,1
Documentaries featuring Elon Musk,UFC Sound Waves,2
Documentaries featuring Elon Musk,Wave of Cinema: Surat dari Timur,2
Drama movies starring Nicolas Cage,Army of One,3
Drama movies starring Nicolas Cage,Beach Rats,3
Drama movies starring Nicolas Cage,Birdy,5
Drama movies starring Nicolas Cage,Damien Jurado,1
Drama movies starring Nicolas Cage,Donnybrook,3
Drama movies starring Nicolas Cage,Grand Isle,5
Drama movies starring Nicolas Cage,Hannibal Buress: Comedy Camisado,1
Drama movies starring Nicolas Cage,In The Deep,2
Drama movies starring Nicolas Cage,Inconceivable,5
Drama movies starring Nicolas Cage,Inglourious Basterds,2
Drama movies starring Nicolas Cage,Lucha: Playing the Impossible,2
Drama movies starring Nicolas Cage,Pay The Ghost,5
Drama movies starring Nicolas Cage,The Eyes of My Mother,3
Drama movies starring Nicolas Cage,Torture Chamber,2
Drama movies starring Nicolas Cage,USS Indianapolis: Men of Courage,5
Drama movies starring Nicolas Cage,We Bought A Zoo: In Character with Matt Damon and Scarlett Johansson,2
Drama movies starring Nicolas Cage,World Trade Center,5
Drama movies starring Nicolas Cage,Zoo,3
Drama movies starring Nicolas Cage,Zoot Suit,3
Drama movies starring Nicolas Cage,Zootopia,2
Romantic comedy dramas starring Shah Rukh Khan,Amar Shaheed Bhagat Singh,2
Romantic comedy dramas starring Shah Rukh Khan,Ankahi Kahaniya,3
Romantic comedy dramas starring Shah Rukh Khan,Ankhon Dekhi,2
Romantic comedy dramas starring Shah Rukh Khan,Dhanak,4
Romantic comedy dramas starring Shah Rukh Khan,Don,4
Romantic comedy dramas starring Shah Rukh Khan,Eh Janam Tumhare Lekhe,1
Romantic comedy dramas starring Shah Rukh Khan,Ek Main Aur Ekk Tu,3
Romantic comedy dramas starring Shah Rukh Khan,Fan,4
Romantic comedy dramas starring Shah Rukh Khan,Fanney Khan,3
Romantic comedy dramas starring Shah Rukh Khan,Istha Sakhi,2
Romantic comedy dramas starring Shah Rukh Khan,Jab Tak Hai Jaan,4
Romantic comedy dramas starring Shah Rukh Khan,Kabhi Alvida Naa Kehna,4
Romantic comedy dramas starring Shah Rukh Khan,Kuch Kuch Hota Hai,3
Romantic comedy dramas starring Shah Rukh Khan,Kural Kumaran | குரல் குமரன் | Mahendran K | Comedy | Romantic,2
Romantic comedy dramas starring Shah Rukh Khan,Kya Kehna,3
Romantic comedy dramas starring Shah Rukh Khan,My Next Guest with David Letterman and Shah Rukh Khan,4
Romantic comedy dramas starring Shah Rukh Khan,PK,2
Romantic comedy dramas starring Shah Rukh Khan,Ready,2
Romantic comedy dramas starring Shah Rukh Khan,Rukh,3
Horror movies starring Danny Trejo,10/31 Part 2,2
Horror movies starring Danny Trejo,A Classic Horror Story,2
Horror movies starring Danny Trejo,Angulika,2
Horror movies starring Danny Trejo,Bad Ass 2: Bad Asses,4
Horror movies starring Danny Trejo,Bad Asses on the Bayou,4
Horror movies starring Danny Trejo,Danny,2
Horror movies starring Danny Trejo,Danny Bhoy: Subject to Change,2
Horror movies starring Danny Trejo,Danny Boy,2
Horror movies starring Danny Trejo,Danny Says,1
Horror movies starring Danny Trejo,Dummy,2
Horror movies starring Danny Trejo,Ghost Month,3
Horror movies starring Danny Trejo,Horror Story,3
Horror movies starring Danny Trejo,I Still Know What You Did Last Summer,2
Horror movies starring Danny Trejo,Krish Trish and Baltiboy: Comics of India,2
Horror movies starring Danny Trejo,The Comedy of Terrors,3
Horror movies starring Danny Trejo,The Rope Curse 2,3
Horror movies starring Danny Trejo,Untitled Horror Movie,3
Crime drama thriller directed by Martin Scorsese,Alice Doesn't Live Here Anymore,4
Crime drama thriller directed by Martin Scorsese,Crime Insiders,2
Crime drama thriller directed by Martin Scorsese,Dark Crimes,3
Crime drama thriller directed by Martin Scorsese,Gangs of New York,5
Crime drama thriller directed by Martin Scorsese,GoodFellas,5
Crime drama thriller directed by Martin Scorsese,Henry's Crime,2
Crime drama thriller directed by Martin Scorsese,Hugo,4
Crime drama thriller directed by Martin Scorsese,LAW,2
Crime drama thriller directed by Martin Scorsese,Life of Crime,2
Crime drama thriller directed by Martin Scorsese,November Criminals,2
Crime drama thriller directed by Martin Scorsese,Rolling Thunder Revue: A Bob Dylan Story by Martin Scorsese,4
Crime drama thriller directed by Martin Scorsese,Schindler's List,1
Crime drama thriller directed by Martin Scorsese,Shutter Island,5
Crime drama thriller directed by Martin Scorsese,The Departed,5
Crime drama thriller directed by Martin Scorsese,The Irishman,5
Crime drama thriller directed by Martin Scorsese,Thriller,2
Crime drama thriller directed by Martin Scorsese,Whitey: United States of America v. James J. Bulger,4
Crime drama thriller directed by Martin Scorsese,Who's That Knocking at My Door?,4
Comedy movies starring Bruce Willis,10 Minutes Gone,3
Comedy movies starring Bruce Willis,10 Minutes Gone (4K UHD),3
Comedy movies starring Bruce Willis,Arjun Patiala,2
Comedy movies starring Bruce Willis,Breach,4
Comedy movies starring Bruce Willis,Bruce Lee,3
Comedy movies starring Bruce Willis,Bruce Lee the Invincible,2
Comedy movies starring Bruce Willis,Chhota Bheem Aur Hanuman,1
Comedy movies starring Bruce Willis,Chhota Bheem and the Curse of Damyaan,1
Comedy movies starring Bruce Willis,Dark Alibi - Sidney Toler As Charlie Chan,2
Comedy movies starring Bruce Willis,Lego DC Comics: Batman Be-Leaguered,2
Comedy movies starring Bruce Willis,Mercury Rising,4
Comedy movies starring Bruce Willis,Monty Python and the Holy Grail,2
Comedy movies starring Bruce Willis,Once Upon a Time in Venice,4
Comedy movies starring Bruce Willis,Out of Death,4
Comedy movies starring Bruce Willis,Ralph Breaks the Internet: Wreck-It Ralph 2,1
Comedy movies starring Bruce Willis,Survive the Night,4
Comedy movies starring Bruce Willis,Survive the Night (4K UHD),4
Comedy movies starring Bruce Willis,Tears of the Sun,4
Comedy movies starring Bruce Willis,The Jackal,4
Action thrillers starring Amitabh Bachchan,102 Not Out,3
Action thrillers starring Amitabh Bachchan,Aakhri Adaalat,3
Action thrillers starring Amitabh Bachchan,Aashik Awara,3
Action thrillers starring Amitabh Bachchan,Adrishya,2
Action thrillers starring Amitabh Bachchan,Agneepath,5
Action thrillers starring Amitabh Bachchan,Aitraaz,3
Action thrillers starring Amitabh Bachchan,Bachna Ae Haseeno,2
Action thrillers starring Amitabh Bachchan,Barsaat Ki Ek Raat,5
Action thrillers starring Amitabh Bachchan,Bunty Aur Babli,3
Action thrillers starring Amitabh Bachchan,Dhoom,2
Action thrillers starring Amitabh Bachchan,Dhoom:3,2
Action thrillers starring Amitabh Bachchan,Ek Ladki Ko Dekha Toh Aisa Laga,2
Action thrillers starring Amitabh Bachchan,El Camino: A Breaking Bad Movie,2
Action thrillers starring Amitabh Bachchan,"Hugh O'Brian in ""The Brass Legend"" - A Western Action Classic",2
Action thrillers starring Amitabh Bachchan,In Action,2
Action thrillers starring Amitabh Bachchan,Kabhi Kabhie,4
Action thrillers starring Amitabh Bachchan,Mundeyan Ton Bachke Rahin,2
Action thrillers starring Amitabh Bachchan,Shubh Aarambh,2
Action thrillers starring Amitabh Bachchan,Silsila,4
Action thrillers starring Amitabh Bachchan,The Amityville Murders,2
Sports documentary starring or about athletes,Athlete A,4
Sports documentary starring or about athletes,Brazz Sports Basketball Diary Two,4
Sports documentary starring or about athletes,Detail: Daniel Cormier,3
Sports documentary starring or about athletes,ESPN Films Presents,3
Sports documentary starring or about athletes,Everybody's Game,4
Sports documentary starring or about athletes,Fittest in Dubai,4
Sports documentary starring or about athletes,Free to Run,4
Sports documentary starring or about athletes,Hitler's Olympics,4
Sports documentary starring or about athletes,In Search of Greatness,5
Sports documentary starring or about athletes,Marvel & ESPN Films Present: 1 of 1: Genesis,4
Sports documentary starring or about athletes,Rising Phoenix,5
Sports documentary starring or about athletes,SportsCenter,2
Sports documentary starring or about athletes,SportsNation,2
Sports documentary starring or about athletes,Stephen A's World,2
Sports documentary starring or about athletes,The Game Changers,4
Sports documentary starring or about athletes,The Olympic Champ,2
Sports documentary starring or about athletes,The Program,3
Sports documentary starring or about athletes,The Short Game,3
Sports documentary starring or about athletes,Tom Brady’s Big Super Bowl Announcement,2
Sports documentary starring or about athletes,UFC Main Event,3
Family comedy directed by Robert Vince,A Family,2
Family comedy directed by Robert Vince,A Family Affair,2
Family comedy directed by Robert Vince,A Family Man,2
Family comedy directed by Robert Vince,Dad,2
Family comedy directed by Robert Vince,Family Blood,2
Family comedy directed by Robert Vince,Jared and Robert: A Couple of Characters,2
Family comedy directed by Robert Vince,Monkey Up,5
Family comedy directed by Robert Vince,Parents,3
Family comedy directed by Robert Vince,Pup Star,5
Family comedy directed by Robert Vince,Robert,1
Family comedy directed by Robert Vince,Russell Madness,5
Family comedy directed by Robert Vince,Santa Buddies: The Legend of Santa Paws,5
Family comedy directed by Robert Vince,Snow Buddies,5
Family comedy directed by Robert Vince,Space Buddies,5
Family comedy directed by Robert Vince,Spooky Buddies,5
Family comedy directed by Robert Vince,Super Buddies,5
Family comedy directed by Robert Vince,The Curse of Robert,1
Family comedy directed by Robert Vince,The Search for Santa Paws,4
Family comedy directed by Robert Vince,Treasure Buddies,5
Family comedy directed by Robert Vince,What a Wonderful Family!,2
Musical comedy directed by Paul Hoen,Camp Rock 2: The Final Jam,5
Musical comedy directed by Paul Hoen,Dadnapped,3
Musical comedy directed by Paul Hoen,De Film van Dylan Haegens,2
Musical comedy directed by Paul Hoen,Disney Zombies 2,4
Musical comedy directed by Paul Hoen,Eddie's Million Dollar Cook-off,3
Musical comedy directed by Paul Hoen,Funan,1
Musical comedy directed by Paul Hoen,Gallagher: Melon Crazy,2
Musical comedy directed by Paul Hoen,Hi De Ho,2
Musical comedy directed by Paul Hoen,Holidate,2
Musical comedy directed by Paul Hoen,How to Build a Better Boy,4
Musical comedy directed by Paul Hoen,Invisible Sister,3
Musical comedy directed by Paul Hoen,Jo Koy: Comin' In Hot,2
Musical comedy directed by Paul Hoen,Luck of the Irish,3
Musical comedy directed by Paul Hoen,Mitzi Gaynor (2nd Special 1969),3
Musical comedy directed by Paul Hoen,Read It and Weep,4
Musical comedy directed by Paul Hoen,Richard Pryor: Live in Concert,2
Musical comedy directed by Paul Hoen,The Cheetah Girls: One World,5
Musical comedy directed by Paul Hoen,The Human Comedy,2
Musical comedy directed by Paul Hoen,The Omen (4K UHD),1
Musical comedy directed by Paul Hoen,Z-O-M-B-I-E-S,4
Comedy movies starring Anupam Kher,36 Husbands,3
Comedy movies starring Anupam Kher,An American Carol,2
Comedy movies starring Anupam Kher,Andaleeb El Dokki,2
Comedy movies starring Anupam Kher,Angulika,2
Comedy movies starring Anupam Kher,Changeland,3
Comedy movies starring Anupam Kher,Checkmate,3
Comedy movies starring Anupam Kher,Cherry Pop,2
Comedy movies starring Anupam Kher,Dilwale Dulhania Le Jayenge,5
Comedy movies starring Anupam Kher,Fun2Ssh,2
Comedy movies starring Anupam Kher,Gumrah,5
Comedy movies starring Anupam Kher,Hi Life,2
Comedy movies starring Anupam Kher,Inji iduppazhagi,2
Comedy movies starring Anupam Kher,Kaafi Filmy,2
Comedy movies starring Anupam Kher,Khabardar,3
Comedy movies starring Anupam Kher,Khubsoorat,3
Comedy movies starring Anupam Kher,Khuda kasam,2
Comedy movies starring Anupam Kher,Khushi,3
Comedy movies starring Anupam Kher,Starred Up,2
Comedy movies starring Anupam Kher,The Gigolo 2,2
Comedy movies starring Anupam Kher,Uppena,2
Drama movies starring Naseeruddin Shah,Aamchya Sarkhe Aamhich,2
Drama movies starring Naseeruddin Shah,Action Replayy,2
Drama movies starring Naseeruddin Shah,Amar Shaheed Bhagat Singh,2
Drama movies starring Naseeruddin Shah,Amhi Doghe Raja Rani,2
Drama movies starring Naseeruddin Shah,Azhar,2
Drama movies starring Naseeruddin Shah,Chennai 600028 II,2
Drama movies starring Naseeruddin Shah,Dil Hai Tumhaara,2
Drama movies starring Naseeruddin Shah,Don,3
Drama movies starring Naseeruddin Shah,Eh Janam Tumhare Lekhe,2
Drama movies starring Naseeruddin Shah,Fan,3
Drama movies starring Naseeruddin Shah,Kabhi Haan Kabhi Naa,2
Drama movies starring Naseeruddin Shah,Kadavul Paathi Mirugam Paathi,2
Drama movies starring Naseeruddin Shah,Kya Kehna,2
Drama movies starring Naseeruddin Shah,Laatu,2
Drama movies starring Naseeruddin Shah,Mumbai Cha Raja,2
Drama movies starring Naseeruddin Shah,My Next Guest with David Letterman and Shah Rukh Khan,3
Drama movies starring Naseeruddin Shah,P Se PM Tak,2
Drama movies starring Naseeruddin Shah,Raja Natwarlal,3
Drama movies starring Naseeruddin Shah,Saeed Mirza: The Leftist Sufi,2
Drama movies starring Naseeruddin Shah,Sahil Shah’s: Childish Behaviour,2
Action movies starring Akshay Kumar,2.0 (Hindi),5
Action movies starring Akshay Kumar,2.0 (Tamil),5
Action movies starring Akshay Kumar,2.0 (Telugu),5
Action movies starring Akshay Kumar,Aaha Kalyanam (Telugu Dubbed),1
Action movies starring Akshay Kumar,Aashayein,2
Action movies starring Akshay Kumar,Action,3
Action movies starring Akshay Kumar,Ankahi Kahaniya,2
Action movies starring Akshay Kumar,April 28th em jarigindi,2
Action movies starring Akshay Kumar,Bell Bottom,5
Action movies starring Akshay Kumar,Brothers,5
Action movies starring Akshay Kumar,Harold & Kumar Escape from Guantanamo Bay,2
Action movies starring Akshay Kumar,In Action,3
Action movies starring Akshay Kumar,Kaafi Filmy,2
Action movies starring Akshay Kumar,Kabali (Hindi Version),2
Action movies starring Akshay Kumar,Kadavul Irukaan Kumaru,2
Action movies starring Akshay Kumar,Kadavul Paathi Mirugam Paathi,3
Action movies starring Akshay Kumar,Pizza,2
Action movies starring Akshay Kumar,Sawan Ki Ghata,2
Action movies starring Akshay Kumar,Tashan,5
Action movies starring Akshay Kumar,Yeh Dillagi,2
A science fiction movie about space exploration starring Matthew McConaughey,A Journey Around the Globe for Kids,1
A science fiction movie about space exploration starring Matthew McConaughey,A StoryBots Space Adventure,2
A science fiction movie about space exploration starring Matthew McConaughey,Chasing Coral,1
A science fiction movie about space exploration starring Matthew McConaughey,Elvira's Movie Macabre: Teenagers From Outer Space,2
A science fiction movie about space exploration starring Matthew McConaughey,Europa Report,3
A science fiction movie about space exploration starring Matthew McConaughey,Everything and Nothing,1
A science fiction movie about space exploration starring Matthew McConaughey,Explorers,3
A science fiction movie about space exploration starring Matthew McConaughey,Faith Based,2
A science fiction movie about space exploration starring Matthew McConaughey,Fortress 2: Re-Entry,2
A science fiction movie about space exploration starring Matthew McConaughey,Harlock: Space Pirate,3
A science fiction movie about space exploration starring Matthew McConaughey,Lost In Space,3
A science fiction movie about space exploration starring Matthew McConaughey,Man in Space,2
A science fiction movie about space exploration starring Matthew McConaughey,My Dog The Space Traveler,2
A science fiction movie about space exploration starring Matthew McConaughey,Space Cowboys,4
A science fiction movie about space exploration starring Matthew McConaughey,Space Dogs Tropical Adventure,2
A science fiction movie about space exploration starring Matthew McConaughey,Space Truckers,3
A science fiction movie about space exploration starring Matthew McConaughey,The Cat from Outer Space,2
A science fiction movie about space exploration starring Matthew McConaughey,The Lincoln Lawyer (4K UHD),3
A science fiction movie about space exploration starring Matthew McConaughey,UFOTV Presents The Occult Extraterrestrial War - America's Secret Space Fleet,2
A science fiction movie about space exploration starring Matthew McConaughey,Voyage Into Space,2
A science fiction movie about space exploration starring Matthew McConaughey,Zenon: The Zequel,2
A gritty crime thriller about a serial killer starring Anthony Hopkins,Destroyer,3
A gritty crime thriller about a serial killer starring Anthony Hopkins,Falling for You,3
A gritty crime thriller about a serial killer starring Anthony Hopkins,Forensic,3
A gritty crime thriller about a serial killer starring Anthony Hopkins,H.H. Holmes: America's First Serial Killer,3
A gritty crime thriller about a serial killer starring Anthony Hopkins,How to Catch A Serial Killer,3
A gritty crime thriller about a serial killer starring Anthony Hopkins,Interview with a Serial Killer,3
A gritty crime thriller about a serial killer starring Anthony Hopkins,Killer Among Us,3
A gritty crime thriller about a serial killer starring Anthony Hopkins,Kiss The Girls,3
A gritty crime thriller about a serial killer starring Anthony Hopkins,Memories of Murder,3
A gritty crime thriller about a serial killer starring Anthony Hopkins,Mrs. Serial Killer,3
A gritty crime thriller about a serial killer starring Anthony Hopkins,Murder in Mind,3
A gritty crime thriller about a serial killer starring Anthony Hopkins,Rampage: Capital Punishment,2
A gritty crime thriller about a serial killer starring Anthony Hopkins,Switchback,3
A gritty crime thriller about a serial killer starring Anthony Hopkins,The Amityville Murders,2
A gritty crime thriller about a serial killer starring Anthony Hopkins,The House That Jack Built,3
A gritty crime thriller about a serial killer starring Anthony Hopkins,The Killer,3
A gritty crime thriller about a serial killer starring Anthony Hopkins,The Limehouse Golem,4
A gritty crime thriller about a serial killer starring Anthony Hopkins,The Virtuoso,5
A gritty crime thriller about a serial killer starring Anthony Hopkins,Thriller,2
A gritty crime thriller about a serial killer starring Anthony Hopkins,Twisted,3
Romantic comedy set in New York directed by Nora Ephron,2 Days In New York,3
Romantic comedy set in New York directed by Nora Ephron,A New York Christmas Wedding,2
Romantic comedy set in New York directed by Nora Ephron,A Rainy Day in New York,4
Romantic comedy set in New York directed by Nora Ephron,Colin Quinn: The New York Story,2
Romantic comedy set in New York directed by Nora Ephron,Girl/Girl Scene - The Movie,1
Romantic comedy set in New York directed by Nora Ephron,Hanging Up,3
Romantic comedy set in New York directed by Nora Ephron,Heartburn,3
Romantic comedy set in New York directed by Nora Ephron,I Am Watching You,2
Romantic comedy set in New York directed by Nora Ephron,Julie & Julia,4
Romantic comedy set in New York directed by Nora Ephron,Manhattan Romance,3
Romantic comedy set in New York directed by Nora Ephron,New Year's Eve,3
Romantic comedy set in New York directed by Nora Ephron,New York,2
Romantic comedy set in New York directed by Nora Ephron,New York Minute,2
Romantic comedy set in New York directed by Nora Ephron,Nora's Hair Salon 3,1
Romantic comedy set in New York directed by Nora Ephron,Open Five 2,2
Romantic comedy set in New York directed by Nora Ephron,The Hold Steady,1
Romantic comedy set in New York directed by Nora Ephron,The Out of Towners,2
Romantic comedy set in New York directed by Nora Ephron,To and From New York,2
Romantic comedy set in New York directed by Nora Ephron,We'll Take Manhattan,2
Action movie involving a bank robbery or hostage situation starring Keanu Reeves,Bank Alarm,3
Action movie involving a bank robbery or hostage situation starring Keanu Reeves,Carnage Park,3
Action movie involving a bank robbery or hostage situation starring Keanu Reeves,Cheyenne Wildcat,2
Action movie involving a bank robbery or hostage situation starring Keanu Reeves,Exposed,3
Action movie involving a bank robbery or hostage situation starring Keanu Reeves,Held For Ransom,3
Action movie involving a bank robbery or hostage situation starring Keanu Reeves,Henry's Crime,5
Action movie involving a bank robbery or hostage situation starring Keanu Reeves,Honest Thief,3
Action movie involving a bank robbery or hostage situation starring Keanu Reeves,Hostage,3
Action movie involving a bank robbery or hostage situation starring Keanu Reeves,Hostage House,3
Action movie involving a bank robbery or hostage situation starring Keanu Reeves,Hostages,2
Action movie involving a bank robbery or hostage situation starring Keanu Reeves,JCVD,4
Action movie involving a bank robbery or hostage situation starring Keanu Reeves,Living and Dying,3
Action movie involving a bank robbery or hostage situation starring Keanu Reeves,Man of Tai Chi,3
Action movie involving a bank robbery or hostage situation starring Keanu Reeves,Oversize Cops,3
Action movie involving a bank robbery or hostage situation starring Keanu Reeves,Rogue Hostage,3
Action movie involving a bank robbery or hostage situation starring Keanu Reeves,Siberia (2018),3
Action movie involving a bank robbery or hostage situation starring Keanu Reeves,Teenage Bank Heist,3
Action movie involving a bank robbery or hostage situation starring Keanu Reeves,The King of Thieves,3
Action movie involving a bank robbery or hostage situation starring Keanu Reeves,The Prisoner,2
Action movie involving a bank robbery or hostage situation starring Keanu Reeves,Three Thieves,2
A coming of age drama in a small town starring Timothée Chalamet,4th Man Out,3
A coming of age drama in a small town starring Timothée Chalamet,A Rainy Day in New York,5
A coming of age drama in a small town starring Timothée Chalamet,Boy Meets Girl,2
A coming of age drama in a small town starring Timothée Chalamet,Chappie,1
A coming of age drama in a small town starring Timothée Chalamet,Crypto,2
A coming of age drama in a small town starring Timothée Chalamet,Daagdi Chaawl,2
A coming of age drama in a small town starring Timothée Chalamet,Johnny Tsunami,3
A coming of age drama in a small town starring Timothée Chalamet,Kanarie,4
A coming of age drama in a small town starring Timothée Chalamet,La Luna,3
A coming of age drama in a small town starring Timothée Chalamet,Little Lunch: The Halloween Horror Story,2
A coming of age drama in a small town starring Timothée Chalamet,"Love, Simon",3
A coming of age drama in a small town starring Timothée Chalamet,Meet The Girl - Award Winning Short Comedy Movie 2021,2
A coming of age drama in a small town starring Timothée Chalamet,Small Town Crime,3
A coming of age drama in a small town starring Timothée Chalamet,Stargirl,4
A coming of age drama in a small town starring Timothée Chalamet,THE CHRISTMAS EDITION,3
A coming of age drama in a small town starring Timothée Chalamet,The Little Girl Who Lives Down the Lane,2
A coming of age drama in a small town starring Timothée Chalamet,The Night is Young,2
A coming of age drama in a small town starring Timothée Chalamet,The Princess Diaries,3
A coming of age drama in a small town starring Timothée Chalamet,Trouble at Timpetill,2
A coming of age drama in a small town starring Timothée Chalamet,Young Adult,2
"A fantasy movie about magic, elves or wizards directed by Peter Jackson",Disney Holiday Magic Quest,1
"A fantasy movie about magic, elves or wizards directed by Peter Jackson",Elf Pets: Santa’s Reindeer Rescue,2
"A fantasy movie about magic, elves or wizards directed by Peter Jackson",Magic Camp,2
"A fantasy movie about magic, elves or wizards directed by Peter Jackson",Magic Magic,2
"A fantasy movie about magic, elves or wizards directed by Peter Jackson",Magician Mickey,2
"A fantasy movie about magic, elves or wizards directed by Peter Jackson",Mickey's Tale of Two Witches,3
"A fantasy movie about magic, elves or wizards directed by Peter Jackson",Percy Jackson & The Olympians: The Lightning Thief,2
"A fantasy movie about magic, elves or wizards directed by Peter Jackson",Peter Pan,2
"A fantasy movie about magic, elves or wizards directed by Peter Jackson",Prep & Landing: Operation Secret Santa,2
"A fantasy movie about magic, elves or wizards directed by Peter Jackson",Santa's Workshop,2
"A fantasy movie about magic, elves or wizards directed by Peter Jackson",Secret Magic Control Agency,3
"A fantasy movie about magic, elves or wizards directed by Peter Jackson",Strange Magic,3
"A fantasy movie about magic, elves or wizards directed by Peter Jackson",The Christmas Elves,3
"A fantasy movie about magic, elves or wizards directed by Peter Jackson",The Lord of the Rings: The Return of the King,5
"A fantasy movie about magic, elves or wizards directed by Peter Jackson",The Lord of the Rings: The Two Towers,5
"A fantasy movie about magic, elves or wizards directed by Peter Jackson",The Lovely Bones,3
"A fantasy movie about magic, elves or wizards directed by Peter Jackson",The Pagan King,2
"A fantasy movie about magic, elves or wizards directed by Peter Jackson",The Wizards Return: Alex vs. Alex,3
"A fantasy movie about magic, elves or wizards directed by Peter Jackson",Upside-Down Magic,3
"A fantasy movie about magic, elves or wizards directed by Peter Jackson",Wizards of Waverly Place: The Movie,3
"Documentary about nature, animals and the ocean narrated by David Attenborough",A Plastic Ocean,3
"Documentary about nature, animals and the ocean narrated by David Attenborough",A Trip Under the Sea,2
"Documentary about nature, animals and the ocean narrated by David Attenborough",America's Greatest Animals,3
"Documentary about nature, animals and the ocean narrated by David Attenborough",Big Sharks Rule,3
"Documentary about nature, animals and the ocean narrated by David Attenborough",David Attenborough: A Life on Our Planet,5
"Documentary about nature, animals and the ocean narrated by David Attenborough",Disneynature Oceans,4
"Documentary about nature, animals and the ocean narrated by David Attenborough",Diving with Dolphins,3
"Documentary about nature, animals and the ocean narrated by David Attenborough",Journey to Shark Eden,3
"Documentary about nature, animals and the ocean narrated by David Attenborough",Kingdom of the Blue Whale,3
"Documentary about nature, animals and the ocean narrated by David Attenborough",Nature's Half Acre,3
"Documentary about nature, animals and the ocean narrated by David Attenborough",Nature: Raising the Dinosaur Giant,4
"Documentary about nature, animals and the ocean narrated by David Attenborough",Océans,3
"Documentary about nature, animals and the ocean narrated by David Attenborough",Planet of the Birds,3
"Documentary about nature, animals and the ocean narrated by David Attenborough",Playing with Sharks,3
"Documentary about nature, animals and the ocean narrated by David Attenborough",Sea of Hope: America's Underwater Treasures,3
"Documentary about nature, animals and the ocean narrated by David Attenborough",Seaspiracy,3
"Documentary about nature, animals and the ocean narrated by David Attenborough",Secrets of Life,3
"Documentary about nature, animals and the ocean narrated by David Attenborough",Shark Attack Investigation: The Paige Winter Story,3
"Documentary about nature, animals and the ocean narrated by David Attenborough",Shark Beach with Chris Hemsworth,3
"Documentary about nature, animals and the ocean narrated by David Attenborough",Sharkcano,3
"Documentary about nature, animals and the ocean narrated by David Attenborough","Superfish: Billfish, with David Attenborough",4
"Documentary about nature, animals and the ocean narrated by David Attenborough",The Big Year,3
"Documentary about nature, animals and the ocean narrated by David Attenborough",What the Shark?,3
A dramatic war movie set during World War II directed by Quentin Tarantino,A Private War,2
A dramatic war movie set during World War II directed by Quentin Tarantino,A War,3
A dramatic war movie set during World War II directed by Quentin Tarantino,American Experience: War of the Worlds,2
A dramatic war movie set during World War II directed by Quentin Tarantino,American Warfighter,2
A dramatic war movie set during World War II directed by Quentin Tarantino,Company of Heroes,3
A dramatic war movie set during World War II directed by Quentin Tarantino,Drain The Ocean: WWII,2
A dramatic war movie set during World War II directed by Quentin Tarantino,Kanji Ishiwara: The Man Who Triggered the War,3
A dramatic war movie set during World War II directed by Quentin Tarantino,Kill Bill: Vol. 1,4
A dramatic war movie set during World War II directed by Quentin Tarantino,Nancy Wake: Gestapo's Most Wanted,3
A dramatic war movie set during World War II directed by Quentin Tarantino,Pulp Fiction,4
A dramatic war movie set during World War II directed by Quentin Tarantino,Sundown,3
A dramatic war movie set during World War II directed by Quentin Tarantino,Target for Tonight,3
A dramatic war movie set during World War II directed by Quentin Tarantino,The Art of War II: Betrayal,2
A dramatic war movie set during World War II directed by Quentin Tarantino,The Bridges at Toko-Ri,2
A dramatic war movie set during World War II directed by Quentin Tarantino,The Exception,3
A dramatic war movie set during World War II directed by Quentin Tarantino,The Hateful Eight,4
A dramatic war movie set during World War II directed by Quentin Tarantino,Walter's War,2
A dramatic war movie set during World War II directed by Quentin Tarantino,War,2
A dramatic war movie set during World War II directed by Quentin Tarantino,War Comes to America,3
A dramatic war movie set during World War II directed by Quentin Tarantino,War Path,2
A dramatic war movie set during World War II directed by Quentin Tarantino,World War II: Saving the Reality,3
A feel-good family movie about dogs or pets starring Paul Walker,All Dogs Go to Heaven,2
A feel-good family movie about dogs or pets starring Paul Walker,All is Bright,1
A feel-good family movie about dogs or pets starring Paul Walker,An All Dogs Christmas Carol,2
A feel-good family movie about dogs or pets starring Paul Walker,Chasing Sleep,1
A feel-good family movie about dogs or pets starring Paul Walker,Dog Eat Dog,2
A feel-good family movie about dogs or pets starring Paul Walker,El Camino: A Breaking Bad Movie,1
A feel-good family movie about dogs or pets starring Paul Walker,Hotel for Dogs,3
A feel-good family movie about dogs or pets starring Paul Walker,It's a Wonderful Afterlife,2
A feel-good family movie about dogs or pets starring Paul Walker,Life in the Doghouse,3
A feel-good family movie about dogs or pets starring Paul Walker,Like Dogs,2
A feel-good family movie about dogs or pets starring Paul Walker,Line Walker 2: Invisible Spy,1
A feel-good family movie about dogs or pets starring Paul Walker,Pet,2
A feel-good family movie about dogs or pets starring Paul Walker,Pets United,3
A feel-good family movie about dogs or pets starring Paul Walker,Pup Star,3
A feel-good family movie about dogs or pets starring Paul Walker,Step Dogs,3
A feel-good family movie about dogs or pets starring Paul Walker,The Secret: Dare to Dream,2
A feel-good family movie about dogs or pets starring Paul Walker,Think Like a Dog,3
A feel-good family movie about dogs or pets starring Paul Walker,Tru Confessions,2
A feel-good family movie about dogs or pets starring Paul Walker,War Dogs,2
A feel-good family movie about dogs or pets starring Paul Walker,World's Greatest Dogs,3
A suspenseful mystery or psychological thriller starring Leonardo DiCaprio,A Classic Horror Story,2
A suspenseful mystery or psychological thriller starring Leonardo DiCaprio,Angulika,2
A suspenseful mystery or psychological thriller starring Leonardo DiCaprio,Before the Flood,2
A suspenseful mystery or psychological thriller starring Leonardo DiCaprio,Chasing Sleep,3
A suspenseful mystery or psychological thriller starring Leonardo DiCaprio,Don't Go,3
A suspenseful mystery or psychological thriller starring Leonardo DiCaprio,Hackers,2
A suspenseful mystery or psychological thriller starring Leonardo DiCaprio,Horror Story,2
A suspenseful mystery or psychological thriller starring Leonardo DiCaprio,La diosa del asfalto,2
A suspenseful mystery or psychological thriller starring Leonardo DiCaprio,Memories of Murder,4
A suspenseful mystery or psychological thriller starring Leonardo DiCaprio,Murder Mystery,3
A suspenseful mystery or psychological thriller starring Leonardo DiCaprio,Puzzle (L'uomo Senza Memoria),2
A suspenseful mystery or psychological thriller starring Leonardo DiCaprio,Respira,2
A suspenseful mystery or psychological thriller starring Leonardo DiCaprio,Revolutionary Road,3
A suspenseful mystery or psychological thriller starring Leonardo DiCaprio,The Da Vinci Code,3
A suspenseful mystery or psychological thriller starring Leonardo DiCaprio,The Maid's Room,4
A suspenseful mystery or psychological thriller starring Leonardo DiCaprio,The Organization,3
A suspenseful mystery or psychological thriller starring Leonardo DiCaprio,The Wall,3
A suspenseful mystery or psychological thriller starring Leonardo DiCaprio,Thriller,3
A suspenseful mystery or psychological thriller starring Leonardo DiCaprio,Victor Frankenstein,3
A suspenseful mystery or psychological thriller starring Leonardo DiCaprio,Vinci Da,2
